house_id,bedrooms,bathrooms,sqft,lot_size,year_built,garage,neighborhood,price
1,3,1,1140,26369,2016,1,Suburbs,219798
2,3,2,2523,14248,2008,1,Downtown,455876
3,5,3,2023,4982,2015,1,Downtown,372919
4,5,1,1739,10699,1952,0,Downtown,360578
5,5,3,1582,1096,2005,1,Suburbs,317377
6,5,4,1882,5741,1966,0,Downtown,340261
7,2,3,2344,2617,2001,1,Downtown,393996
8,4,3,2273,1405,1956,1,Downtown,387693
9,3,1,1647,4444,1954,0,Suburbs,281705
10,5,2,1576,1123,2003,2,Suburbs,321769
11,3,3,2328,9604,2010,1,Downtown,413563
12,3,3,1638,4873,1965,2,Suburbs,287097
13,3,3,2029,6059,2016,0,Suburbs,333260
14,3,3,2061,1266,2008,2,Suburbs,381537
15,2,2,2156,1204,1996,0,Suburbs,372281
16,4,1,2429,7005,1997,1,Suburbs,407571
17,4,3,1368,33602,2013,2,Downtown,228446
18,2,3,1044,809,1999,1,Suburbs,182432
19,4,2,1716,2691,1990,0,Suburbs,333126
20,4,3,2900,16288,2021,1,Suburbs,489229
21,3,2,3011,600,1971,1,Suburbs,495705
22,3,2,2915,16692,2003,1,Rural,499316
23,4,3,1903,5943,1954,0,Suburbs,343324
24,4,3,1108,4197,1966,1,Downtown,263148
25,3,2,828,2964,1990,0,Suburbs,162731
26,4,1,1692,2820,1984,2,Suburbs,294586
27,2,2,1900,2919,1989,1,Suburbs,349645
28,3,3,2650,17288,1971,1,Suburbs,457456
29,2,2,2433,10292,1997,1,Downtown,384382
30,3,3,2113,8862,2002,2,Suburbs,390386
31,4,4,1555,12825,1959,1,Rural,304363
32,5,3,1519,2377,1967,2,Downtown,288932
33,3,2,2127,7699,1998,1,Suburbs,371952
34,3,3,2348,4930,2020,1,Suburbs,408038
35,4,2,2195,12202,1979,1,Suburbs,356501
36,4,1,1482,2959,1968,0,Suburbs,249113
37,4,1,2325,8244,2004,1,Suburbs,439056
38,4,2,2212,17110,2009,0,Suburbs,389426
39,3,4,1464,4115,2021,1,Rural,313533
40,4,2,1607,551,1970,1,Suburbs,308226
41,2,2,2344,5806,1975,1,Suburbs,417342
42,3,4,1882,3396,1977,1,Downtown,360414
43,3,1,2794,8923,1988,1,Downtown,443173
44,3,3,2250,24132,1982,0,Suburbs,403636
45,5,2,1756,5318,1989,1,Downtown,315344
46,4,1,1994,5021,1978,2,Suburbs,375687
47,2,4,2031,8504,1969,1,Suburbs,366004
48,2,1,1635,874,1969,0,Rural,273625
49,3,2,1543,2338,1961,1,Downtown,273679
50,3,2,2350,20104,1974,1,Downtown,419468
51,4,1,2422,8867,1974,1,Downtown,413146
52,5,1,2301,108,1953,1,Suburbs,369952
53,5,1,2757,1831,1953,0,Suburbs,437264
54,4,1,1729,9186,1958,2,Downtown,291964
55,4,3,2837,11564,1964,1,Suburbs,510233
56,3,2,1549,14653,1975,1,Suburbs,300555
57,3,2,1493,2764,2020,0,Suburbs,276449
58,3,2,1120,21392,1981,1,Downtown,225288
59,3,4,1777,6440,2001,1,Suburbs,362472
60,4,4,1748,9540,1981,1,Suburbs,346056
61,3,3,2262,7265,1958,2,Suburbs,416062
62,3,3,2121,1047,1962,0,Downtown,371935
63,3,2,1403,26399,2005,2,Downtown,257228
64,5,2,1803,1048,1993,1,Rural,335845
65,3,3,1814,2353,1979,1,Downtown,372115
66,4,3,1112,13440,1965,2,Suburbs,219065
67,4,2,1509,7711,1961,1,Suburbs,293636
68,3,2,1614,14568,2015,1,Suburbs,262792
69,3,4,2716,5801,1967,2,Suburbs,467189
70,4,3,2095,3785,1962,1,Suburbs,398726
71,3,2,2331,20392,1973,1,Suburbs,364450
72,5,3,1250,295,1961,2,Suburbs,289594
73,3,2,2597,15510,2009,1,Suburbs,481500
74,2,1,2650,2099,2009,1,Suburbs,437803
75,4,2,1000,15109,1950,1,Suburbs,236238
76,4,2,1647,1199,1992,1,Suburbs,313010
77,5,1,2247,6944,2004,0,Suburbs,409271
78,4,3,2322,17521,1989,1,Downtown,426375
79,5,2,1660,5132,2013,0,Suburbs,304798
80,4,2,1847,10981,1983,1,Downtown,326056
81,4,1,1701,13064,1983,2,Rural,336779
82,3,1,2055,10669,1997,1,Rural,350405
83,3,3,2598,20757,1982,0,Downtown,440864
84,5,3,1614,4736,2017,1,Downtown,317850
85,3,4,2500,1520,1979,1,Suburbs,448128
86,3,4,1609,391,2020,2,Rural,289639
87,3,2,1576,2263,2020,1,Suburbs,283757
88,3,2,2409,1236,1978,0,Suburbs,413561
89,3,3,2460,6530,1972,1,Suburbs,402418
90,2,4,2425,1636,1983,1,Downtown,424934
91,4,3,1342,317,1964,1,Suburbs,252347
92,3,3,1767,293,2002,1,Downtown,330298
93,3,3,2411,14249,1966,1,Suburbs,463820
94,2,2,2020,7161,2013,1,Downtown,341582
95,2,2,1463,3546,2010,1,Suburbs,238877
96,3,3,2229,17971,2006,1,Suburbs,398091
97,4,3,1642,582,1986,2,Suburbs,329784
98,2,1,2897,31426,1956,1,Suburbs,448811
99,5,2,2772,7662,1957,1,Downtown,452430
100,3,1,2302,1621,2017,2,Suburbs,374622
101,3,2,2680,9092,1970,1,Downtown,452032
102,2,4,2032,11530,2010,1,Suburbs,352693
103,2,1,2382,4487,1978,1,Downtown,411849
104,4,2,2738,15822,1974,2,Downtown,487042
105,4,2,2122,1307,2007,1,Downtown,381339
106,4,3,1872,2615,1963,1,Suburbs,314900
107,2,2,1147,785,2015,1,Suburbs,225658
108,3,2,1958,1894,2003,1,Suburbs,384283
109,3,1,2411,2182,2016,2,Downtown,426896
110,5,2,2472,19972,1979,0,Suburbs,423646
111,3,2,2252,650,1967,1,Suburbs,386072
112,4,2,1729,4460,2003,0,Suburbs,324531
113,3,4,1011,6081,1970,1,Suburbs,246383
114,3,2,1752,18316,2002,2,Suburbs,304684
115,3,1,1847,48585,1965,0,Downtown,305739
116,2,3,1843,11199,1977,1,Suburbs,324586
117,4,2,2309,28266,1953,1,Rural,404736
118,3,3,2992,12375,2004,1,Suburbs,523647
119,4,2,2061,26418,1964,1,Suburbs,375395
120,2,2,1891,9828,2013,1,Suburbs,296706
121,5,3,1870,664,2014,2,Suburbs,351364
122,2,4,2062,4112,1965,1,Suburbs,353740
123,4,2,1585,8321,1969,1,Suburbs,254451
124,4,2,2060,3455,2013,1,Suburbs,388592
125,5,2,2225,2554,1982,2,Suburbs,412398
126,3,4,2104,6890,2018,1,Suburbs,371786
127,4,4,2228,21684,2018,1,Suburbs,429252
128,3,1,2216,284,2007,1,Downtown,381426
129,2,1,1114,11730,1988,1,Suburbs,174377
130,3,2,2318,10262,1985,2,Suburbs,415891
131,2,1,1664,26583,2017,0,Rural,305059
132,5,2,1452,21355,1970,2,Suburbs,291002
133,2,1,1447,11491,2012,2,Downtown,253709
134,3,3,2216,5878,1955,1,Downtown,393555
135,4,4,1888,1827,1973,1,Suburbs,335842
136,3,4,1159,6303,2002,0,Downtown,238678
137,4,2,2239,11597,1999,0,Rural,374020
138,2,2,1280,18081,1961,2,Downtown,237869
139,3,3,2069,12474,2005,1,Suburbs,372667
140,3,1,2119,1737,1964,1,Suburbs,371465
141,5,3,2442,7324,1989,1,Suburbs,456651
142,4,2,2890,3229,1990,2,Downtown,480946
143,5,2,1317,73,2018,1,Suburbs,272302
144,2,2,1973,1787,2018,1,Downtown,356071
145,3,1,1861,961,1955,1,Downtown,299082
146,2,3,2216,14797,2016,1,Suburbs,416302
147,2,2,2107,2392,1982,0,Suburbs,332601
148,3,2,1823,2680,1992,1,Downtown,356998
149,4,1,1779,25738,1970,1,Rural,300753
150,3,3,1441,3812,2014,1,Downtown,274025
151,3,2,2493,77,1966,1,Suburbs,421091
152,4,2,2229,2670,1957,1,Downtown,368013
153,4,2,2458,1016,2013,0,Suburbs,438663
154,3,2,1844,867,1977,0,Downtown,337590
155,3,1,1671,645,1962,1,Suburbs,306044
156,3,3,1460,7196,1962,1,Suburbs,273030
157,2,1,2179,1679,1987,1,Rural,345814
158,4,1,1480,3585,1974,1,Downtown,296983
159,3,3,2924,15845,2011,1,Suburbs,501868
160,4,2,1346,4417,1972,1,Suburbs,247774
161,4,2,2136,19786,1970,1,Suburbs,385690
162,4,2,2783,5512,2003,0,Suburbs,439955
163,3,2,2299,4071,2012,0,Suburbs,393005
164,3,3,2087,11102,1979,1,Downtown,385165
165,4,3,1515,607,2017,2,Suburbs,297661
166,3,3,1309,749,2022,1,Suburbs,269568
167,3,3,2385,8443,1981,2,Downtown,438014
168,2,2,2753,5338,1973,1,Suburbs,459456
169,2,2,1780,12501,1956,1,Suburbs,343361
170,4,2,1430,19841,2021,1,Rural,302579
171,3,2,770,3932,1950,0,Suburbs,174046
172,3,4,1509,7258,1952,0,Suburbs,295452
173,3,3,1943,5556,1977,2,Suburbs,350322
174,3,1,2799,31967,1992,1,Suburbs,449906
175,4,1,2336,14226,1995,0,Downtown,414349
176,4,1,2152,19419,1950,0,Suburbs,366816
177,3,2,1799,2347,1987,2,Downtown,305568
178,2,1,1708,11845,1984,2,Downtown,278156
179,3,2,2702,2468,2003,1,Suburbs,442896
180,4,3,2100,1873,1973,0,Suburbs,414071
181,3,3,948,23097,1977,2,Suburbs,223156
182,4,2,1663,155,1971,1,Rural,311135
183,2,2,1570,26908,1965,1,Suburbs,284779
184,4,2,1726,1293,1962,1,Downtown,330500
185,2,3,2281,13693,2011,1,Suburbs,373778
186,4,3,1946,2582,1992,1,Suburbs,337548
187,3,4,1961,3454,1981,2,Rural,387180
188,4,2,2656,1954,2016,1,Rural,432405
189,2,3,1651,7045,2006,1,Suburbs,296301
190,3,1,2932,3422,2014,1,Suburbs,468365
191,4,2,1664,8569,2018,1,Suburbs,315019
192,3,2,2044,126,1998,1,Downtown,352538
193,4,2,1859,532,1982,1,Downtown,350529
194,4,3,2061,839,1968,1,Suburbs,331926
195,3,2,2222,4343,1985,0,Suburbs,401713
196,3,1,2216,13490,2019,0,Rural,385107
197,3,1,1623,17526,1964,1,Suburbs,306680
198,3,1,1438,2246,1973,1,Suburbs,276627
199,3,1,3251,6833,1976,1,Suburbs,536925
200,4,1,1758,11700,1998,1,Suburbs,303873
201,3,2,2349,2726,1972,1,Suburbs,412118
202,3,2,1196,4207,1982,1,Suburbs,236190
203,3,4,1860,5938,1990,1,Suburbs,363531
204,2,2,1936,1159,2005,0,Suburbs,338832
205,3,1,2236,210,1978,1,Suburbs,380284
206,4,2,638,1326,1980,1,Suburbs,165362
207,4,3,2083,7886,2014,0,Downtown,386884
208,3,3,1425,611,1967,2,Suburbs,299516
209,5,2,2162,1682,1955,1,Suburbs,430017
210,3,2,1481,3298,2001,1,Downtown,285091
211,5,3,1572,648,1989,1,Rural,325327
212,4,3,1863,1702,2014,0,Downtown,338990
213,4,3,1473,19377,1991,0,Suburbs,278083
214,2,3,1762,155,2017,1,Suburbs,298783
215,3,3,1403,8477,1981,1,Downtown,205454
216,2,2,1083,3881,1959,1,Suburbs,186665
217,4,2,2508,8933,2018,2,Suburbs,438745
218,3,3,1351,7107,1958,1,Downtown,255524
219,4,3,1910,2023,2018,0,Rural,359632
220,3,1,2376,15029,2010,1,Downtown,383319
221,4,4,1692,5417,1960,1,Suburbs,315599
222,2,1,1587,13831,2017,1,Downtown,228775
223,2,2,2113,4167,1957,0,Downtown,362378
224,3,3,2558,33431,1998,1,Suburbs,424943
225,3,2,1415,11774,1973,0,Suburbs,243929
226,3,2,1924,27039,1982,1,Downtown,350894
227,4,1,1133,5777,1968,1,Suburbs,205295
228,2,2,1803,5134,1951,0,Suburbs,314056
229,3,1,2017,11266,2004,1,Suburbs,321417
230,4,2,1572,16981,1960,1,Suburbs,296377
231,2,2,1771,26626,1966,1,Suburbs,294456
232,5,4,1295,3139,1991,1,Suburbs,275924
233,5,4,2038,12823,2010,1,Suburbs,422933
234,2,1,2527,1892,1952,2,Rural,384264
235,3,3,1451,6309,1984,0,Downtown,300098
236,3,1,1688,1586,2015,2,Downtown,282824
237,4,1,2251,3414,1950,0,Suburbs,403031
238,3,1,2606,21430,1956,1,Downtown,455246
239,4,4,1253,1263,1969,1,Downtown,273559
240,4,4,1915,8006,1992,0,Suburbs,334881
241,2,1,2141,7190,1955,0,Suburbs,354598
242,4,1,1948,1029,2004,1,Suburbs,396391
243,4,2,761,3155,1970,2,Suburbs,180374
244,3,2,2250,6622,2000,1,Downtown,386483
245,4,2,2759,1657,1995,1,Suburbs,470908
246,4,2,2058,12900,1984,1,Suburbs,380011
247,3,3,1484,28649,1957,1,Downtown,279856
248,3,2,1743,1934,2017,1,Rural,318141
249,3,4,2884,1655,1965,1,Suburbs,493753
250,2,3,2454,4854,2016,0,Rural,391375
251,5,2,2320,11019,2020,1,Downtown,465441
252,2,3,2178,2645,2013,1,Suburbs,373766
253,4,3,1669,160,1951,0,Suburbs,378317
254,3,2,1899,6233,1950,0,Suburbs,339348
255,2,2,1961,25098,2007,2,Suburbs,352149
256,5,4,2274,3971,1950,2,Rural,426914
257,4,1,2754,4359,1956,0,Suburbs,449240
258,3,1,2559,27764,2018,0,Suburbs,416116
259,3,2,1290,9489,1967,0,Suburbs,222853
260,2,3,2111,10160,1981,1,Suburbs,347156
261,3,3,2368,6617,1994,1,Suburbs,449892
262,3,4,2309,29386,1982,2,Downtown,434345
263,3,2,1685,9340,2022,0,Suburbs,328713
264,5,1,3457,18032,1998,1,Suburbs,604047
265,3,2,1361,9615,1982,0,Suburbs,238122
266,4,3,1458,10627,2020,2,Downtown,261906
267,4,1,2116,2744,2017,2,Suburbs,366197
268,3,1,3058,2893,1977,1,Suburbs,503536
269,4,1,1581,12222,2002,1,Suburbs,313036
270,3,2,1867,2815,1993,0,Suburbs,324957
271,4,3,2538,6618,2004,1,Downtown,509027
272,3,3,1991,2294,1959,1,Suburbs,348996
273,2,4,1832,13585,1963,1,Suburbs,343621
274,4,1,2282,936,1985,1,Downtown,383328
275,3,4,2136,14149,1983,1,Suburbs,395525
276,4,3,2515,7385,1967,1,Suburbs,443738
277,5,2,2645,1655,1965,1,Rural,462776
278,2,4,2153,6247,1986,1,Downtown,367574
279,3,2,2145,2655,1990,1,Downtown,375700
280,3,3,2107,3126,1974,0,Suburbs,386773
281,4,3,2244,3465,1957,1,Suburbs,386098
282,4,3,2027,523,1967,2,Downtown,377078
283,3,2,1999,34127,2017,1,Suburbs,360712
284,3,1,2598,256,1997,1,Suburbs,446357
285,4,2,2758,8689,2019,0,Suburbs,506960
286,2,2,1246,3711,2016,1,Suburbs,239473
287,4,3,2005,8307,1967,2,Suburbs,366749
288,4,3,1655,3523,1967,1,Downtown,305889
289,5,4,1844,8960,2005,1,Downtown,351994
290,3,1,2201,10452,1972,2,Downtown,365430
291,2,3,2334,9383,1984,1,Suburbs,403414
292,3,4,1943,967,1955,1,Suburbs,366861
293,2,3,1043,8557,1975,1,Suburbs,221940
294,5,1,1517,2627,2010,1,Downtown,303849
295,2,1,2448,233,1964,1,Downtown,425122
296,4,1,629,4286,1981,1,Suburbs,133971
297,3,3,2593,4546,1961,1,Downtown,480679
298,3,3,2260,5036,1954,0,Suburbs,380406
299,2,4,2658,9761,2013,1,Downtown,462658
300,4,2,1900,2955,2020,2,Downtown,347104
301,3,2,969,3029,1976,2,Downtown,200872
302,3,3,2215,499,1994,0,Suburbs,399695
303,5,3,2637,9287,1984,1,Suburbs,445781
304,3,4,2462,6711,1975,1,Rural,419685
305,3,3,1668,3439,1972,2,Suburbs,329184
306,3,2,2043,9771,1962,1,Downtown,357406
307,2,3,1733,6166,1952,2,Suburbs,308817
308,5,3,1590,5067,1978,2,Suburbs,300081
309,3,2,2477,5728,2015,1,Suburbs,417557
310,2,2,1401,8092,2013,1,Suburbs,264768
311,3,1,1553,8630,1977,1,Downtown,264680
312,4,1,1447,2728,1985,1,Downtown,297331
313,3,3,1254,1213,1955,0,Suburbs,263637
314,4,1,2073,1362,1960,0,Suburbs,351948
315,2,2,2580,8159,1987,1,Suburbs,416113
316,3,2,1907,16500,1983,1,Suburbs,281760
317,4,2,1247,4214,2016,2,Suburbs,231512
318,2,2,2419,1486,1995,1,Suburbs,381083
319,4,3,2842,11304,1978,1,Downtown,466680
320,2,1,1676,14293,2009,1,Rural,283680
321,4,1,1760,17001,2003,1,Suburbs,323241
322,3,2,2257,7468,2018,1,Suburbs,425843
323,4,2,2810,15770,1958,1,Suburbs,483829
324,2,2,1740,124,1959,2,Suburbs,266328
325,2,1,1333,907,2017,1,Suburbs,217995
326,3,3,2315,777,2007,0,Suburbs,413461
327,2,3,2399,9975,2001,2,Suburbs,412221
328,3,1,2003,576,1983,0,Suburbs,355586
329,3,1,1720,5487,1984,1,Suburbs,290725
330,3,4,2497,5119,1982,1,Downtown,464590
331,4,3,2264,2976,2021,0,Suburbs,408520
332,4,2,1615,16346,1981,1,Downtown,308679
333,4,3,2024,1494,2004,1,Suburbs,375599
334,3,3,1324,3476,1957,1,Suburbs,242296
335,3,3,2342,11903,1995,0,Suburbs,404156
336,3,2,1868,247,1963,1,Downtown,337075
337,4,2,1782,8941,1957,1,Suburbs,300286
338,3,1,1983,13559,2020,2,Suburbs,347041
339,2,4,2020,21537,2003,0,Suburbs,379297
340,4,3,2447,16718,1970,1,Suburbs,444726
341,3,2,2295,3078,1963,2,Suburbs,427595
342,4,4,1921,7062,1951,1,Downtown,373304
343,4,4,2381,643,2010,2,Downtown,421197
344,2,4,2200,2385,1966,2,Suburbs,407815
345,2,3,1786,791,1997,1,Suburbs,294079
346,3,4,1937,3028,1957,1,Suburbs,353381
347,4,2,1925,16647,2005,0,Suburbs,339230
348,3,3,2252,3411,1966,0,Suburbs,378234
349,4,3,1816,6602,2018,1,Downtown,388979
350,3,2,1804,4544,1961,0,Suburbs,315147
351,3,1,2984,4913,1987,1,Downtown,526801
352,2,4,2469,27939,1967,0,Suburbs,429221
353,4,2,1619,2809,1975,1,Downtown,287431
354,3,3,2285,7896,1986,1,Downtown,393558
355,4,1,2059,4358,2019,1,Downtown,361080
356,3,1,2195,504,1990,1,Downtown,365413
357,3,2,2068,5376,1991,2,Suburbs,360720
358,4,2,2594,13427,1990,1,Downtown,461574
359,4,3,2172,831,1996,1,Rural,402107
360,3,2,1968,577,1963,2,Suburbs,364999
361,3,1,2521,1334,1950,0,Suburbs,446683
362,4,1,2116,11564,1966,1,Suburbs,360970
363,3,2,2060,10298,2004,0,Suburbs,377277
364,2,1,2157,6659,2002,0,Downtown,379422
365,5,3,1953,5052,1980,2,Rural,402828
366,2,2,2004,17537,2011,1,Suburbs,306401
367,2,1,1706,11643,1957,2,Downtown,329853
368,2,2,1624,13368,1979,1,Suburbs,271872
369,4,1,1500,13424,2015,2,Suburbs,246186
370,4,1,1304,8233,1994,2,Downtown,289062
371,3,2,1560,4900,1967,1,Rural,295268
372,3,3,1912,16000,1994,1,Downtown,356894
373,3,4,2051,20830,1968,1,Suburbs,368008
374,4,3,1864,192,2017,2,Rural,357241
375,2,2,822,423,1999,1,Downtown,161513
376,5,2,2787,25503,1974,1,Downtown,476565
377,3,2,2543,2596,1987,1,Downtown,432909
378,5,3,2222,16531,1985,1,Downtown,414562
379,2,4,2953,3938,2017,0,Downtown,468517
380,4,1,1511,1014,2005,1,Suburbs,280762
381,3,1,2943,670,1988,2,Suburbs,453699
382,2,3,1517,1361,2012,1,Suburbs,314957
383,4,3,2119,2300,1956,1,Suburbs,384798
384,4,3,1363,5363,2007,1,Suburbs,252020
385,3,3,2007,9671,2008,1,Suburbs,370314
386,4,4,2193,34380,1997,2,Suburbs,396016
387,3,2,1922,4660,1954,1,Suburbs,338714
388,4,4,2356,5841,1985,0,Downtown,434510
389,3,4,2049,5902,1974,0,Rural,349016
390,3,3,1738,6202,1994,2,Suburbs,363694
391,3,2,1716,5834,1968,2,Suburbs,354298
392,3,1,2405,70,1956,1,Suburbs,393240
393,4,2,1673,13,2007,0,Suburbs,284483
394,2,2,2457,822,2015,1,Downtown,398949
395,2,3,2611,856,1988,1,Suburbs,431118
396,3,1,1165,9763,1967,1,Suburbs,239957
397,4,2,2566,1834,1950,2,Downtown,440645
398,2,3,3030,18008,2012,2,Rural,485266
399,3,1,2126,21116,1952,2,Suburbs,368931
400,5,2,2299,29802,1970,1,Downtown,386032
401,3,2,2518,22385,1979,1,Suburbs,450059
402,4,3,1862,2538,1960,1,Suburbs,360299
403,4,1,2091,5703,1971,1,Suburbs,354652
404,3,3,1342,1543,2006,1,Suburbs,250485
405,5,2,2069,13127,1952,0,Suburbs,381324
406,4,4,2249,17544,1979,1,Suburbs,392289
407,3,2,2258,15245,1994,1,Downtown,373942
408,3,2,2532,4544,1985,1,Downtown,426291
409,4,1,1612,11372,2021,0,Downtown,263424
410,3,1,1733,821,2013,1,Downtown,293863
411,4,2,2947,328,2003,0,Downtown,476588
412,3,1,1924,11194,2017,1,Suburbs,360123
413,3,2,2100,4432,1999,1,Suburbs,357931
414,3,2,1966,43317,1980,2,Downtown,331963
415,2,2,1589,818,1978,1,Downtown,292838
416,2,1,2811,15482,2008,1,Downtown,442080
417,4,3,1736,5231,1985,1,Suburbs,307350
418,4,4,1436,14042,2022,1,Downtown,310150
419,4,1,1774,13591,2016,0,Suburbs,307637
420,4,1,999,19814,1960,1,Suburbs,219670
421,4,4,1674,2828,1960,1,Suburbs,327798
422,3,1,1515,23933,1975,1,Suburbs,272833
423,4,4,2308,1315,2002,1,Downtown,434463
424,3,1,1663,684,1963,2,Downtown,284753
425,5,3,2443,4519,2013,1,Downtown,429245
426,4,2,2699,14097,1959,1,Downtown,489886
427,3,4,2390,5130,1980,2,Downtown,442078
428,3,2,1892,14142,1985,2,Suburbs,338450
429,3,3,2070,10465,1959,0,Downtown,380414
430,2,1,1237,1879,1975,2,Rural,234353
431,3,2,1933,23788,1969,1,Downtown,359816
432,3,3,1569,501,1993,1,Suburbs,271493
433,2,2,2347,18284,2011,1,Suburbs,391766
434,5,4,3286,2904,2022,1,Suburbs,602496
435,4,2,2249,5547,1958,1,Suburbs,431894
436,4,3,1004,4390,2020,1,Suburbs,208881
437,4,2,1819,1508,1973,0,Suburbs,332033
438,3,4,2061,3547,1961,1,Suburbs,376536
439,3,4,2043,1714,2009,1,Downtown,348566
440,4,2,1634,1824,1965,2,Suburbs,305348
441,5,3,2122,1656,1978,1,Downtown,365726
442,3,3,1378,5371,1981,0,Rural,257353
443,4,2,1527,12793,1984,1,Suburbs,269289
444,5,3,2322,6732,1992,1,Downtown,430698
445,4,1,1492,17894,2002,0,Downtown,265602
446,5,3,2269,8096,1969,1,Downtown,412833
447,3,1,1315,9352,1957,2,Suburbs,276318
448,5,1,2882,8811,1991,1,Rural,496716
449,4,2,1612,4774,2019,1,Downtown,340364
450,2,2,1888,9352,1965,1,Suburbs,333127
451,5,3,2165,578,2018,0,Rural,415061
452,3,4,1717,15720,2002,0,Downtown,302159
453,3,2,2071,12033,1994,2,Downtown,352776
454,3,1,2287,2250,2000,2,Suburbs,391395
455,2,3,2480,11689,1955,0,Downtown,440261
456,3,2,2395,101,1982,1,Downtown,402990
457,4,2,1914,1959,1964,2,Rural,324470
458,2,2,1926,538,1963,0,Suburbs,332859
459,3,2,3174,12121,1988,0,Suburbs,523379
460,2,2,2474,11280,2012,2,Suburbs,406079
461,3,3,1539,13440,1954,1,Suburbs,282388
462,4,2,2049,35,2001,0,Suburbs,345928
463,4,3,1832,5564,1965,1,Downtown,362278
464,5,2,1932,9761,1987,0,Downtown,356266
465,4,2,1385,1351,2002,1,Suburbs,273559
466,3,3,1794,8393,2002,1,Downtown,316171
467,5,2,2905,702,1995,1,Downtown,533474
468,4,2,2289,1600,1964,1,Suburbs,408765
469,3,3,754,5167,2008,1,Downtown,129277
470,4,2,2608,8480,1999,0,Rural,456399
471,5,3,2544,1261,1958,0,Suburbs,450313
472,4,2,1820,1638,1975,2,Downtown,335721
473,3,3,2358,1829,1952,1,Downtown,432573
474,4,1,1570,2181,1996,1,Suburbs,290271
475,2,2,1764,2055,1954,1,Suburbs,339846
476,3,4,2749,4022,2011,2,Suburbs,486461
477,3,3,1864,8485,1954,1,Suburbs,329267
478,2,1,1065,4610,1959,1,Suburbs,156484
479,2,2,1968,11967,2012,1,Rural,321842
480,2,2,1960,10162,1974,1,Suburbs,328555
481,4,3,2599,1082,1993,2,Suburbs,493175
482,4,3,2007,400,1974,1,Suburbs,360838
483,5,3,1789,16826,1979,1,Suburbs,380190
484,3,2,2522,665,1963,2,Suburbs,411333
485,3,3,2060,1284,1992,2,Suburbs,357550
486,5,2,1624,179,1977,1,Suburbs,337139
487,2,1,2577,7918,1968,0,Suburbs,402647
488,4,2,2096,6985,1991,1,Downtown,397384
489,4,4,2001,34683,1969,0,Suburbs,355623
490,2,3,2088,17438,1960,1,Downtown,347678
491,4,2,1464,4232,2003,2,Downtown,298436
492,4,3,1736,3716,1973,1,Rural,313153
493,2,4,2001,2817,2019,1,Suburbs,351661
494,2,2,1902,1322,1966,0,Downtown,329195
495,2,2,2636,1188,1977,1,Downtown,431347
496,3,4,2108,1135,1999,2,Suburbs,376948
497,3,3,2427,969,2004,1,Suburbs,398905
498,3,2,2004,2200,2022,0,Downtown,375586
499,3,2,2528,2929,1959,1,Downtown,462922
500,5,2,2198,26073,1970,2,Downtown,412286
501,3,1,2006,6910,2007,1,Downtown,339257
502,2,4,1993,35117,1983,2,Downtown,357406
503,3,2,1522,3727,1992,1,Suburbs,295943
504,3,3,2253,4894,1960,1,Downtown,417585
505,3,1,1979,3139,1982,0,Downtown,324046
506,3,2,1749,1615,2007,1,Suburbs,334842
507,2,1,2553,1236,1995,1,Suburbs,428251
508,4,3,1374,23214,2010,2,Downtown,301244
509,5,2,1788,34626,2011,1,Downtown,307164
510,3,3,2513,367,1950,0,Suburbs,422565
511,3,1,2157,1303,1970,1,Suburbs,363091
512,4,2,1976,4406,2011,0,Rural,343020
513,4,1,2125,1649,2013,1,Suburbs,410096
514,3,2,2089,3618,2022,1,Suburbs,356152
515,5,3,1241,1105,2005,1,Suburbs,274517
516,3,2,1825,4877,1950,1,Suburbs,327806
517,3,3,2808,2536,1970,1,Downtown,474395
518,4,2,1670,3469,1971,1,Suburbs,297327
519,5,2,1840,792,2003,1,Downtown,388116
520,4,2,1729,4470,1953,2,Downtown,320912
521,2,1,1956,32718,2014,0,Suburbs,338911
522,3,3,1708,3189,2000,0,Downtown,310007
523,3,3,2243,16727,2012,1,Downtown,386275
524,3,1,2098,14822,1964,0,Suburbs,354865
525,4,1,2386,24302,1985,1,Suburbs,417062
526,4,3,1474,12489,1978,2,Downtown,285708
527,4,3,1829,8620,2001,1,Downtown,328057
528,5,3,1887,15536,1995,1,Downtown,371573
529,3,2,2227,629,2018,1,Downtown,387377
530,4,2,1603,4971,1978,0,Suburbs,283408
531,4,4,2457,36267,1996,1,Downtown,426781
532,3,3,2593,11743,1974,1,Suburbs,454935
533,4,2,1505,26177,1965,2,Downtown,253388
534,2,3,1754,12099,1990,1,Rural,306888
535,4,3,1734,16627,2014,1,Suburbs,331801
536,3,2,3316,9807,2018,2,Rural,588153
537,3,2,1785,11433,1969,1,Suburbs,318959
538,4,1,2838,5924,2018,2,Suburbs,477676
539,4,1,1366,20641,1985,1,Suburbs,263591
540,3,3,1505,13945,2007,1,Suburbs,270419
541,2,2,1656,14857,1997,2,Downtown,290021
542,3,3,1577,8942,1951,1,Downtown,296136
543,3,4,1866,2905,1978,0,Downtown,354490
544,4,1,1645,290,1965,1,Downtown,286289
545,5,2,1590,21947,1984,1,Suburbs,309385
546,3,3,2579,7057,2011,2,Suburbs,415029
547,4,3,2611,2832,1953,2,Suburbs,475983
548,3,3,2474,1292,2017,2,Downtown,430491
549,4,2,2261,14153,2000,0,Downtown,432836
550,3,2,2046,14488,1982,1,Downtown,364926
551,3,2,1751,13477,1973,1,Suburbs,296310
552,4,4,1523,8286,1974,2,Suburbs,288576
553,2,2,2181,3645,1977,1,Downtown,381383
554,4,4,1413,2900,1956,0,Suburbs,319878
555,4,2,1503,68,1985,2,Suburbs,321253
556,3,4,2576,14347,1959,1,Suburbs,429146
557,3,3,2950,731,1985,1,Downtown,505565
558,4,2,2196,7970,1967,1,Suburbs,412940
559,4,3,2553,5610,1955,1,Downtown,425126
560,3,2,1877,5984,1956,1,Suburbs,353297
561,3,2,1331,20906,1961,1,Suburbs,236594
562,4,1,2306,257,1990,1,Suburbs,394590
563,3,1,2284,11876,2012,0,Downtown,386132
564,2,2,2035,427,1974,1,Downtown,367616
565,3,3,1878,311,2002,1,Suburbs,371338
566,4,3,2481,4494,1982,1,Suburbs,434691
567,4,1,1507,521,2022,1,Suburbs,269457
568,5,3,1613,12452,1955,1,Suburbs,310025
569,4,3,1495,6032,2011,1,Suburbs,308841
570,5,4,2042,235,2015,1,Suburbs,413211
571,3,3,1456,330,1958,1,Suburbs,295288
572,4,1,1657,7587,2016,1,Suburbs,306945
573,2,2,1647,13123,1965,1,Suburbs,295418
574,4,3,1869,4607,2004,1,Downtown,344742
575,3,1,1256,6469,1989,0,Suburbs,223657
576,3,1,2043,12868,1975,2,Rural,371529
577,4,1,2623,7543,1987,2,Downtown,456735
578,4,2,2067,2036,1984,1,Suburbs,361586
579,2,2,2770,7595,2017,1,Suburbs,478486
580,4,2,2666,7916,2008,2,Suburbs,453743
581,3,1,2388,10597,1963,1,Suburbs,404113
582,3,3,2037,7759,1996,1,Downtown,339749
583,4,2,2011,27852,2020,0,Suburbs,338733
584,3,2,2381,1758,2021,1,Downtown,408532
585,5,1,1804,24142,1991,2,Rural,324675
586,2,1,1058,6183,2000,1,Suburbs,187116
587,4,2,2246,8916,1968,1,Suburbs,422165
588,4,1,1434,838,2015,2,Suburbs,270604
589,3,2,1518,3831,1996,1,Downtown,296696
590,3,3,2000,11735,2014,1,Downtown,343385
591,4,2,1952,9818,1991,1,Downtown,364778
592,4,2,1293,327,1987,1,Suburbs,234946
593,3,2,2082,6327,1962,2,Suburbs,363304
594,3,3,2483,739,1993,2,Suburbs,448239
595,2,3,1435,43889,1973,1,Suburbs,264505
596,3,3,2636,18207,1979,1,Rural,473246
597,3,2,1219,170,2019,0,Downtown,242200
598,2,2,3058,15652,1987,2,Suburbs,498531
599,4,2,1794,20148,1972,1,Downtown,356038
600,4,3,2072,3490,2006,1,Suburbs,388526
601,5,1,1053,10169,1972,1,Downtown,216076
602,4,4,1968,4668,1985,2,Suburbs,380115
603,5,3,2114,8519,2006,0,Downtown,392918
604,3,3,1956,3327,1950,1,Downtown,356431
605,4,1,1718,3115,2021,1,Suburbs,307864
606,5,3,1526,4419,1952,1,Downtown,315350
607,4,2,2565,1258,1963,1,Suburbs,461546
608,2,1,2015,14229,1983,1,Suburbs,343761
609,4,2,2770,3430,2019,1,Suburbs,484330
610,5,3,1736,4088,2018,0,Suburbs,332386
611,4,2,1782,17958,2000,0,Suburbs,305578
612,3,2,2407,5491,1978,2,Downtown,394463
613,4,1,1188,6286,1997,1,Downtown,217048
614,5,3,1393,25079,1965,0,Suburbs,274589
615,2,3,2548,17423,2006,1,Suburbs,464635
616,4,3,1414,1485,1959,1,Suburbs,306133
617,3,2,1090,5127,1968,1,Suburbs,202633
618,4,2,2934,28405,2016,2,Suburbs,515094
619,4,2,1303,3726,1985,2,Rural,260097
620,2,2,2092,3716,1953,1,Suburbs,359519
621,3,4,2034,1735,1982,1,Suburbs,361127
622,4,2,594,971,1977,1,Suburbs,194935
623,2,2,1866,10785,1958,1,Suburbs,358189
624,3,2,2224,11758,1955,0,Suburbs,373747
625,4,3,2177,27793,1998,1,Downtown,383623
626,3,1,2451,11877,1971,0,Suburbs,424159
627,3,2,1806,2230,1997,2,Downtown,302706
628,5,3,2356,327,1970,1,Downtown,449318
629,3,2,1655,33834,1982,0,Suburbs,296759
630,3,3,1294,3329,2005,1,Downtown,224418
631,4,1,1351,2991,1978,2,Suburbs,257614
632,4,3,1268,18911,2002,1,Suburbs,246084
633,5,1,2504,7037,1989,1,Rural,441835
634,5,1,1242,1935,1967,1,Suburbs,250450
635,4,3,2137,17592,1996,2,Suburbs,367603
636,3,2,1867,40118,1962,1,Suburbs,324367
637,2,2,1948,725,1976,0,Suburbs,339694
638,3,2,2681,15858,2011,1,Downtown,468088
639,2,3,1780,3961,1994,1,Suburbs,308738
640,4,2,2305,5939,1952,2,Suburbs,420905
641,4,4,2018,19703,1971,0,Downtown,380027
642,2,4,1923,29008,1976,1,Downtown,344397
643,4,3,3149,2432,2004,1,Suburbs,550627
644,3,2,1279,1914,2016,2,Downtown,229345
645,3,2,2644,671,1982,1,Downtown,447619
646,4,3,2328,6600,1951,1,Downtown,386121
647,3,1,1760,109,1995,0,Suburbs,300917
648,3,2,2814,4246,1982,0,Suburbs,496600
649,2,1,1075,609,2007,1,Suburbs,187859
650,3,1,1739,4156,1956,1,Downtown,330350
651,4,1,1395,326,1964,1,Suburbs,256178
652,5,2,2206,14425,1975,2,Suburbs,385205
653,3,3,1443,1883,1960,1,Suburbs,288757
654,3,2,2216,3183,1987,1,Suburbs,392678
655,4,2,1906,16324,1976,0,Suburbs,388280
656,5,1,1760,10971,1956,0,Suburbs,302414
657,3,2,2194,1977,1950,1,Suburbs,387228
658,3,2,1865,596,1970,1,Downtown,338590
659,4,3,1455,10061,1979,1,Suburbs,308413
660,4,4,3400,3963,1957,2,Suburbs,602595
661,2,1,1756,11622,1952,1,Suburbs,290638
662,4,2,891,4714,2004,1,Suburbs,173228
663,2,2,1578,3397,1964,2,Suburbs,289632
664,3,4,1366,4800,1985,1,Suburbs,279388
665,3,3,2413,11044,1955,1,Suburbs,433578
666,4,3,2160,18600,1991,0,Suburbs,382211
667,3,2,2199,408,1999,1,Downtown,386413
668,3,4,1814,5940,1967,2,Suburbs,313216
669,3,1,1860,267,1999,0,Suburbs,296415
670,4,1,1814,5055,1979,1,Suburbs,343810
671,2,3,1959,17322,1988,1,Downtown,346446
672,3,4,2417,3590,1961,2,Downtown,444066
673,2,1,2168,21559,2008,1,Downtown,346232
674,4,1,2250,7967,1993,2,Downtown,380990
675,3,1,2249,21763,1953,1,Downtown,371878
676,3,1,2442,11323,1985,0,Suburbs,409053
677,3,2,2144,873,1997,0,Downtown,381318
678,4,4,2179,2102,1963,1,Suburbs,398867
679,3,3,2594,4009,1998,1,Suburbs,414908
680,4,3,1667,1491,2016,2,Downtown,332070
681,4,3,1572,5464,1958,1,Suburbs,310141
682,5,2,1407,5099,1970,1,Suburbs,291633
683,3,3,2091,25035,2021,0,Suburbs,384779
684,5,2,1073,4549,1965,1,Downtown,247501
685,2,2,2231,12320,1965,2,Downtown,407866
686,3,2,1945,22766,1977,1,Suburbs,343318
687,4,2,2567,16763,2000,1,Downtown,437411
688,3,3,1664,1872,2005,0,Downtown,324416
689,3,4,1898,5481,2006,1,Downtown,369867
690,3,2,2561,3418,2001,0,Suburbs,425492
691,4,3,2691,4084,1995,1,Downtown,494767
692,3,1,1659,3580,1987,1,Suburbs,293340
693,4,3,2090,14006,1997,1,Downtown,408026
694,4,2,2147,4813,1990,1,Suburbs,417634
695,4,1,2186,5933,2008,1,Downtown,433721
696,3,2,1868,32340,2016,1,Suburbs,332444
697,5,3,2640,494,2015,1,Suburbs,503308
698,3,1,1055,5354,1976,0,Suburbs,213326
699,2,4,1789,11899,1981,2,Downtown,349289
700,2,1,2223,1311,2005,1,Suburbs,374938
701,3,4,2228,7564,1959,0,Downtown,415222
702,2,3,2676,2189,1989,0,Suburbs,417918
703,2,2,2599,16163,1966,2,Downtown,435273
704,3,2,1857,3169,2007,1,Suburbs,316480
705,3,3,2649,3192,1955,2,Downtown,446607
706,4,3,1642,7294,1988,1,Downtown,286589
707,4,3,2465,1622,1967,1,Suburbs,428215
708,4,2,2905,2682,2022,1,Rural,493266
709,3,2,2607,4311,2021,0,Suburbs,440736
710,3,4,2052,3491,1991,1,Suburbs,374551
711,5,2,1834,5953,1953,1,Suburbs,367146
712,2,2,1235,7323,1969,2,Suburbs,213329
713,4,2,2155,6689,1977,1,Downtown,345376
714,2,3,1442,8494,1989,1,Downtown,275929
715,5,3,1603,2942,2014,1,Suburbs,318515
716,3,2,1404,1081,1993,1,Suburbs,260250
717,3,1,1769,11443,1972,0,Suburbs,289094
718,4,1,1986,15218,2006,1,Suburbs,369082
719,3,2,2136,2376,1996,1,Suburbs,363018
720,3,2,1699,4181,1962,1,Suburbs,288178
721,3,4,2534,5522,1965,1,Suburbs,480585
722,4,2,1895,6097,2004,1,Downtown,359081
723,2,2,1606,8618,2014,1,Suburbs,281096
724,2,3,2113,339,1965,2,Suburbs,322125
725,3,2,2981,10226,1986,1,Rural,493441
726,2,2,2167,511,2001,1,Suburbs,365617
727,4,1,1818,5053,1959,1,Suburbs,354973
728,3,2,1236,14066,1987,2,Downtown,206400
729,3,4,1890,4800,1993,1,Downtown,381705
730,2,2,2117,1291,2003,1,Suburbs,367288
731,3,2,1806,33615,2000,0,Suburbs,292748
732,2,3,1167,17606,2001,2,Suburbs,247486
733,2,4,1574,11803,2019,1,Suburbs,288222
734,2,2,2727,4241,2008,0,Downtown,411812
735,5,2,2717,1625,1962,1,Suburbs,469661
736,2,4,1556,22697,1990,2,Downtown,300498
737,4,1,2336,6080,1961,1,Suburbs,404638
738,2,3,1410,15303,1999,1,Suburbs,273369
739,2,3,2702,3349,2006,2,Downtown,481248
740,3,3,2122,3267,1999,1,Suburbs,355328
741,3,2,2474,33891,2006,1,Rural,421681
742,5,2,1142,5902,2003,1,Downtown,230100
743,5,3,2338,1213,2015,2,Suburbs,409721
744,4,2,1996,1984,1957,1,Suburbs,359363
745,4,2,2425,5261,2012,2,Suburbs,438383
746,3,1,2457,347,1958,1,Rural,421363
747,3,1,2032,4967,2009,1,Suburbs,339895
748,5,4,1699,4343,2012,0,Suburbs,316692
749,4,2,2389,12088,2021,1,Suburbs,406457
750,3,4,1969,3507,1952,2,Suburbs,329813
751,3,1,1563,32386,2022,1,Suburbs,253663
752,2,2,1539,1595,1962,0,Suburbs,244797
753,5,2,1261,7152,1958,0,Suburbs,272056
754,3,3,1744,751,2001,1,Suburbs,337488
755,3,3,2551,10589,2011,0,Suburbs,479239
756,2,1,2088,42001,1957,1,Suburbs,351006
757,4,4,1735,13680,1994,2,Downtown,332572
758,2,1,2402,6490,2002,1,Downtown,393539
759,4,3,1583,5304,2012,1,Suburbs,303065
760,2,4,2047,14415,2006,1,Suburbs,351415
761,4,3,1910,21987,2003,1,Suburbs,361898
762,4,4,2389,36230,1968,0,Suburbs,434217
763,2,2,1211,4040,2016,2,Rural,225998
764,3,1,1574,37611,1995,1,Downtown,273214
765,3,1,1180,1356,1959,1,Rural,232638
766,2,2,1870,2339,1967,0,Downtown,305425
767,4,3,2605,745,1961,0,Suburbs,446686
768,3,1,1747,2536,1998,1,Suburbs,314551
769,3,3,1744,11685,1972,1,Suburbs,340829
770,2,2,2435,15334,2011,1,Downtown,424652
771,3,2,2534,12072,1960,1,Downtown,425908
772,4,3,1955,7977,2022,2,Suburbs,341963
773,3,2,2342,5771,2005,2,Suburbs,401510
774,5,3,1461,9867,2004,1,Rural,299620
775,5,1,2688,3965,1974,1,Suburbs,443915
776,2,3,3074,14726,1958,2,Rural,508938
777,2,1,2260,9045,1961,1,Downtown,396141
778,4,1,957,9573,1960,1,Downtown,199499
779,3,3,1720,6141,1987,0,Suburbs,301188
780,2,3,2306,17318,1977,1,Suburbs,395476
781,3,2,1789,2322,1957,0,Suburbs,316024
782,3,2,2636,3839,1996,0,Downtown,433932
783,4,2,2294,12027,1985,2,Downtown,425547
784,2,2,1646,5429,1999,1,Suburbs,251331
785,2,3,2016,17601,1958,2,Suburbs,365835
786,5,3,1553,3402,2009,1,Suburbs,300487
787,4,1,1908,3687,2021,2,Suburbs,365114
788,3,2,1722,17566,2016,1,Suburbs,283807
789,4,3,2587,4994,2002,1,Suburbs,475821
790,3,2,3058,5807,1966,1,Suburbs,493914
791,4,3,1284,3236,2002,0,Suburbs,263039
792,3,1,1038,2591,1977,1,Rural,189400
793,3,3,1877,8535,2012,1,Suburbs,363094
794,4,1,1240,1021,1964,0,Suburbs,230178
795,3,3,2023,16913,1968,1,Suburbs,347988
796,5,2,2374,12084,2019,1,Downtown,455081
797,3,2,2747,1693,1996,0,Suburbs,452447
798,5,3,2100,9473,2020,1,Downtown,404435
799,5,1,1903,7383,1997,2,Downtown,372230
800,3,2,1010,1631,2022,1,Downtown,184910
801,4,2,2013,2552,1969,1,Downtown,371388
802,3,2,2035,4207,1986,2,Suburbs,372393
803,5,4,2319,9611,1951,1,Suburbs,403900
804,3,3,1645,8144,2013,1,Suburbs,312211
805,4,1,1782,6078,1985,0,Suburbs,308221
806,3,3,1260,11702,1954,1,Suburbs,280403
807,3,2,854,11348,2013,1,Suburbs,196422
808,2,4,1445,7695,1956,1,Suburbs,282531
809,3,2,1214,12371,2019,2,Suburbs,197273
810,4,2,2168,3254,1971,1,Suburbs,395099
811,4,2,1740,17045,1995,0,Downtown,301780
812,4,2,1730,7634,1989,2,Suburbs,342970
813,3,2,1507,13824,2010,1,Suburbs,273851
814,3,2,383,6322,1995,2,Suburbs,103068
815,2,3,2754,1971,1977,1,Suburbs,453367
816,4,2,1499,6254,1984,0,Downtown,273445
817,5,4,1793,3710,1950,1,Downtown,329005
818,3,2,1272,9565,1978,1,Rural,217479
819,2,3,2485,5166,1958,1,Suburbs,415040
820,2,4,2071,14468,1958,1,Downtown,398752
821,4,3,1586,9067,1971,1,Downtown,321189
822,4,3,1803,9229,2012,1,Suburbs,355530
823,4,3,2839,1958,2015,1,Suburbs,518794
824,3,2,1963,33207,2007,1,Suburbs,351072
825,4,3,1909,14744,2019,1,Downtown,346216
826,4,1,1529,12447,2004,1,Downtown,274130
827,3,2,1052,3206,1962,0,Suburbs,187285
828,3,2,1919,6136,1968,0,Suburbs,350070
829,2,3,2162,1179,1982,1,Downtown,354575
830,3,2,2549,6185,2014,1,Suburbs,475156
831,4,2,875,1261,2009,1,Suburbs,174191
832,3,2,1437,6442,1961,2,Suburbs,296008
833,4,4,1709,8369,1992,1,Downtown,357916
834,3,1,1998,3956,1966,1,Suburbs,355187
835,2,1,1927,5521,2017,2,Rural,359461
836,3,2,1939,16677,1978,2,Rural,342925
837,3,4,2204,919,2004,2,Suburbs,405165
838,3,4,1548,12551,1956,0,Suburbs,298688
839,2,3,2467,1497,1993,1,Downtown,430852
840,3,3,2216,299,1954,2,Suburbs,360020
841,2,2,1840,1642,2009,2,Suburbs,319877
842,2,4,2800,11586,1955,1,Suburbs,494164
843,3,1,2778,4155,1956,0,Suburbs,447261
844,3,1,2466,16478,1995,2,Suburbs,457091
845,5,1,490,5950,2006,1,Rural,139060
846,3,2,2789,180,2003,1,Downtown,479640
847,4,3,2397,10090,1995,1,Downtown,459569
848,3,2,3003,934,1959,1,Suburbs,504038
849,4,4,2618,12461,1953,1,Downtown,500393
850,3,2,2789,1472,2016,1,Suburbs,481012
851,5,1,2439,3390,1974,2,Downtown,445551
852,3,2,2674,11459,2010,1,Suburbs,434316
853,4,3,2997,24673,1987,1,Suburbs,540679
854,3,3,2108,3714,1981,2,Downtown,368072
855,2,2,1213,14147,1972,1,Downtown,219222
856,4,2,1846,1693,1986,1,Suburbs,363083
857,2,2,2194,13167,1952,1,Suburbs,362765
858,3,3,2037,8571,1962,0,Suburbs,366505
859,2,4,1376,1712,1983,0,Suburbs,257322
860,4,1,1184,2882,2014,1,Suburbs,230220
861,5,3,1629,1130,1957,2,Suburbs,325360
862,3,2,2403,3862,1958,1,Downtown,390726
863,4,2,2790,1821,1977,0,Suburbs,485402
864,3,4,2458,8262,1967,1,Downtown,448382
865,3,2,2528,41631,1991,0,Suburbs,413560
866,5,2,1959,96,1990,1,Suburbs,356004
867,4,1,1128,6228,2019,0,Suburbs,235459
868,4,2,1772,6820,1982,2,Suburbs,326524
869,3,3,1870,19646,2003,0,Suburbs,336351
870,3,3,1751,5641,1985,0,Rural,299018
871,3,4,2027,6276,2005,1,Suburbs,369780
872,3,2,2220,5104,1966,0,Downtown,361476
873,3,1,2426,2505,1959,1,Suburbs,394800
874,4,1,1860,461,1993,2,Downtown,321716
875,4,2,1048,4202,1951,0,Suburbs,230465
876,3,4,1758,432,1963,1,Suburbs,304108
877,2,3,2021,6396,1990,2,Rural,362483
878,4,2,2611,2937,1951,1,Suburbs,448187
879,2,3,1716,6101,1968,2,Downtown,339325
880,4,3,2256,1153,1950,0,Suburbs,417989
881,2,1,2145,21580,1951,1,Downtown,329950
882,3,3,2021,17993,1976,0,Downtown,345939
883,5,2,2465,1685,1951,1,Suburbs,440471
884,2,1,1669,3365,2000,1,Downtown,272135
885,3,2,1712,7604,1959,0,Suburbs,320965
886,3,2,1994,804,1968,1,Rural,353498
887,5,2,1679,3502,1962,1,Suburbs,318983
888,4,2,2254,2313,1997,2,Downtown,423717
889,3,1,1643,19769,2005,0,Suburbs,260902
890,2,3,2113,15311,2021,1,Suburbs,360639
891,4,4,1949,6936,2005,1,Suburbs,374309
892,3,3,2107,5877,1999,0,Suburbs,367223
893,4,2,1770,21357,1994,1,Suburbs,264407
894,2,2,1830,21556,2008,1,Downtown,322280
895,2,2,2048,27875,1988,2,Rural,363254
896,4,1,2101,1071,1970,1,Rural,347899
897,3,2,1997,1400,2004,1,Suburbs,306890
898,4,3,2852,9034,2006,2,Downtown,488245
899,2,3,1504,6237,1990,2,Suburbs,275530
900,3,3,1967,149,2019,1,Suburbs,351839
901,5,2,1213,511,1998,1,Suburbs,213607
902,3,2,2186,17519,1993,1,Suburbs,382964
903,4,3,1442,16252,1984,1,Downtown,305877
904,2,2,1860,3536,1954,2,Suburbs,344136
905,4,2,1813,17734,2020,1,Suburbs,357386
906,4,2,2140,7204,2000,1,Suburbs,357740
907,3,2,1723,13115,2006,0,Suburbs,322031
908,4,1,1702,4460,2007,0,Downtown,284623
909,4,3,2717,962,1985,1,Suburbs,492334
910,3,3,2142,4549,1959,1,Downtown,365552
911,3,2,1719,4889,1999,1,Suburbs,315890
912,3,1,1874,6404,1986,1,Downtown,354803
913,2,3,2822,892,1969,1,Suburbs,490958
914,3,2,1882,38049,1962,1,Suburbs,314854
915,3,2,1655,2239,1968,0,Rural,271472
916,3,1,1657,1770,2005,1,Suburbs,307076
917,4,2,1725,5985,1994,2,Suburbs,351139
918,3,3,1702,6163,2009,1,Suburbs,322895
919,5,3,1360,4635,2017,1,Suburbs,272776
920,3,2,1437,11823,2006,1,Suburbs,267387
921,3,2,1585,5816,2003,1,Downtown,297398
922,4,1,2295,7526,1986,1,Suburbs,395458
923,3,1,1809,10291,1986,1,Suburbs,295924
924,3,4,1896,202,1963,1,Downtown,372674
925,2,3,2635,6763,1993,1,Downtown,481815
926,3,2,2647,17246,1991,1,Suburbs,476581
927,3,3,1858,140,1950,1,Suburbs,294276
928,5,3,1684,4155,1972,1,Downtown,354719
929,3,3,1567,20854,2013,1,Rural,305613
930,4,1,2346,3485,1977,0,Rural,386754
931,4,1,1897,4910,1953,1,Downtown,298306
932,3,3,1806,31937,1990,1,Downtown,327627
933,3,2,1593,1778,2009,0,Suburbs,292223
934,4,4,1615,539,1967,1,Rural,297112
935,4,3,2160,15695,2012,2,Suburbs,422645
936,2,4,1342,16227,2010,1,Suburbs,282460
937,3,2,2497,5110,1998,1,Downtown,434908
938,3,3,1733,5775,1996,1,Suburbs,291493
939,2,2,1925,14453,1988,1,Suburbs,324508
940,3,4,1331,10732,1955,0,Suburbs,276123
941,4,1,1993,2464,2002,2,Suburbs,370104
942,3,2,1835,136,1974,1,Downtown,312269
943,4,3,1974,5226,2014,1,Suburbs,354052
944,4,2,2735,15666,1954,0,Downtown,451753
945,3,2,2088,18094,2014,2,Downtown,363542
946,2,4,1602,25029,1957,2,Suburbs,292566
947,4,2,1644,16933,1988,1,Downtown,294221
948,4,3,2297,6940,1992,2,Suburbs,415797
949,4,1,2649,4704,2022,0,Downtown,446149
950,2,3,2140,11927,1954,1,Downtown,391741
951,3,3,2344,10771,1953,1,Suburbs,374974
952,2,2,2304,6180,1950,1,Downtown,410985
953,3,1,2709,731,2005,2,Downtown,439403
954,4,2,1025,20838,1994,1,Suburbs,251960
955,2,1,2333,4864,2014,0,Downtown,391413
956,4,1,2491,3612,1952,1,Downtown,437596
957,3,3,1330,7944,1971,2,Suburbs,261419
958,4,1,1557,8962,2021,2,Downtown,332810
959,5,1,1574,1892,2005,1,Suburbs,298487
960,2,3,1635,14509,1967,1,Downtown,324483
961,5,1,1759,2739,1974,1,Downtown,315359
962,2,2,2121,1653,1997,1,Suburbs,373481
963,3,1,2432,4172,1980,0,Rural,440763
964,4,2,2540,10491,1979,1,Downtown,425040
965,5,3,1581,26924,2015,1,Suburbs,325975
966,3,3,1577,13255,1959,1,Downtown,281422
967,3,2,2657,22553,2020,0,Downtown,453143
968,4,1,2323,1212,2008,1,Rural,439329
969,4,1,2041,590,2000,2,Downtown,345481
970,2,2,2236,6526,1958,1,Suburbs,379520
971,4,4,1985,2743,2003,1,Downtown,358060
972,3,2,2262,14084,2011,1,Suburbs,387714
973,3,2,1831,8917,1958,1,Suburbs,338074
974,3,1,2134,28249,1958,1,Suburbs,357136
975,3,3,1244,2352,1973,1,Downtown,277078
976,5,3,1656,5320,1988,1,Suburbs,337066
977,3,3,1661,5565,1957,1,Suburbs,281681
978,5,3,1812,2186,1974,1,Suburbs,357195
979,2,2,1536,7134,2015,1,Suburbs,300622
980,4,1,1733,4685,1959,1,Suburbs,323798
981,4,2,1242,4735,1973,1,Suburbs,252515
982,4,3,2274,3604,2008,2,Suburbs,409149
983,4,3,1958,136,1980,1,Suburbs,360759
984,3,2,1147,5906,1960,2,Suburbs,228266
985,4,3,1582,3266,1955,1,Downtown,257381
986,4,3,2168,10,2019,0,Suburbs,398473
987,2,3,1728,2944,1981,2,Rural,333133
988,4,2,1651,2612,1988,1,Suburbs,293691
989,3,3,1962,3999,1997,2,Downtown,362949
990,3,2,2171,1131,1962,1,Suburbs,383722
991,4,3,1281,5669,2008,0,Suburbs,272355
992,3,4,2275,9432,2016,1,Rural,408496
993,4,2,1599,7958,2005,1,Rural,311642
994,3,3,1991,13027,1990,2,Suburbs,339418
995,2,3,1982,4811,2005,1,Suburbs,326014
996,3,1,1736,5856,1984,1,Downtown,312022
997,2,2,1488,13302,1987,1,Downtown,259608
998,4,1,1857,4464,2016,1,Downtown,299935
999,3,4,2812,9674,1983,0,Downtown,490749
1000,3,3,1319,4561,2019,1,Suburbs,231354
